,country,dish
3,American,The Best Chili
4,American,Salmon Caesar Salad
5,American,How to Make the Perfect Sweet Potato Sloppy Joes
6,American,Falafel Burgers
7,American,Chunky Two-Bean Chili
8,American,Ginger Garlic Chili Salmon
9,American,Baked Sweet Potato Fries
10,American,Smokey Rainbow Chili
11,American,Chili chops with cauliflower salad
12,American,Chipotle Turkey Chili
13,American,Slow Cooker Kahlua Pork with Sweet Chili Pineapple Sauce
14,American,Crispy Baked Green Bean Fries
15,American,Butternut Squash and Black Bean Chili with Bulgar
16,American,Cheesy Bacon Burger with Spicy Chipotle Aiolo Sauce
17,American,Feta Stuffed Burgers
18,American,Kale Chips with Parmesan Cheese and Garlic
19,American,Gorgonzola & Grilled Peach Burger
20,American,Chicken and Chickpea Chili
21,American,Slow Cooker Chili
22,American,Superbowl Chili
23,American,Cashew-Chili Portabello
24,American,Pulled Pork Sandwich with Mango BBQ sauce
25,American,La Bella Italian Turkey Burger
26,American,Dr Pepper Pulled Pork
27,American,Best Buffalo Chicken Chili
28,American,Salmon Amaranth Burgers with Radish Slaw
29,American,Black Bean and Veggie Burgers with Corn Salsa
30,American,Chili con Carne that'll make your taste buds go silly
31,American,Easy Beef and Bean Chili
32,American,Chili and Garlic Spiced Beef and Broccoli Stir Fry
33,American,Turkey Burgers
34,American,Slow Cooked Beef Chili
35,American,Ancho Chipotle Chili
36,American,Suzanne’s Red Chili
37,American,Chicken Ranch Burgers
38,American,Low Carb Brunch Burger
39,American,Masala-Tofu Burger
40,American,Caribbean Cobb Salad with Fire-Roasted Pineapple Vinaigrette
41,American,Macaroni and Cheese Gratin
42,American,How to Make the Best Chili
43,American,Chicken Burgers with Spiced Rub
44,American,White Bean Turkey Chili
45,American,Salmon Burgers With Roasted Red Pepper Aioli
46,American,Southwestern Vegetarian Chili
47,American,Spicy Chili w Boneless Beef Short Ribs
48,American,Instant Pot Chili Mac
49,American,Chicken and Green Pepper Chili
50,American,Asian Salmon Burgers With Tangy Ginger Lime Sauce
51,American,Awesome! No Bake ~ Macaroni and Cheese
52,American,Pumpkin Almond Burger Patties
53,American,Spicy Vegan Chili
54,American,How to Make the Cheesiest Bowtie Mac and Cheese
55,American,Tex-Mex Burger
56,American,Tortilla Burger Loco Vaca
57,American,Homestyle Sloppy Joes
58,American,Simple Parmesan Chili Pasta
59,American,"Chicken, Red Pepper, and White Bean Chili"
60,American,Chili Verde Tomatillo Soup With Bone Broth
61,American,Almost Guilt Free Mac and Cheese
62,American,South Carolina Style Pulled Pork
63,American,Tomatillo Turkey Chili
64,American,Crock Pot White Chicken Chili
65,American,"Chicken Avocado Burger (Whole 30, PALEO, & Simple Fit Forty)"
66,American,Apple Cheddar Turkey Burgers With Chipotle Yogurt Sauce
67,American,Try This at Home - Tomato Gazpacho to Cool Off During the Dog Days of Summer
68,American,Instant Pot Chili
69,American,Turkey Burgers with Slaw
70,American,Pumpkin French Toast
71,American,Lentil Veggie Burgers
72,American,Classic Macaroni and Cheese
73,American,Baked Sweet Chili Carrot Fries
74,American,Turkey-Spinach Burgers With Sweet Soy-Ginger Sauce
75,American,Creamy Vegan Butternut Squash Mac and Cheese
76,American,Crock Pot Chili with Beans
77,American,Grilled Chuck Burgers with Extra Sharp Cheddar and Lemon Garlic Aioli
78,American,Chili-Garlic Stir Fry
79,American,Chili Lime Chicken Burgers
80,American,Chipotle Cheese Stuffed Black Bean Burgers with Avocado Creme
81,American,Chicken Caesar Salad
82,American,Chili Gobi
83,American,Bacon Brownie Cupcakes
84,American,Curry Leaves Potato Chips
85,American,Hawaiian Chicken Chili
86,American,The Unagi Burger
87,American,Vegan Green Bean Casserole
88,American,Chavrie Stuffed Turkey Burgers
89,American,Healthy Vegan Red Velvet Brownies
90,American,Slow Cooker Mexican Pulled Pork
91,American,Chickpea and Veggie Burgers
92,American,Crab and Shrimp Burgers With Garlic Grits Fries
93,American,Country Breakfast: Tofu and Veggie Scramble With Home Fries
94,American,Peanut Butter Banana French Toast
95,American,Blue Cheese Burgers
96,American,Baked Sweet Potato Fries With Yogurt
97,American,Baked Sweet Potato Fries With Yogurt and Chipotle Pepper
98,American,Healthy Spinach Parmesan Dip and Pita Chips
99,American,Hearty Chili With Beans
100,American,Cajun Style Sweet Potato Fries
101,American,Chicken and White Bean Chili
102,American,"$50,000 Burger"
103,British,Vegetarian Mushroom Shepherd's Pie
104,British,Fresh Cherry Scones
105,British,Lean Shepherd's Pie
106,British,Easy Shepherd's Pie (Beef And/or Lamb Combo)
107,British,Bridget Jones's Shepherd's Pie
108,British,Classic scones
109,British,Peanut Butter Cup Trifle
110,British,Cranberry Orange Scones
111,British,Savory Cheese Dill Scones
112,British,Berry and White Chocolate Trifle
113,British,Cheesy Potato Corn Scones
114,British,Caramel Almond Berry Trifle
115,British,Strawberries and Cream Scones
116,British,Lemon-Poppy Seed Scones
117,British,Dried Fruit and Ginger Scones
118,British,Berry Trifle
119,British,English Berry Trifle
120,British,Ricotta Chocolate Chips Scones
121,British,Parmesan Cheese Scones
122,British,Blueberry & Orange Maple Scones
123,British,Beef Wellington
124,British,Rich Jelly Scones
125,British,Dried Cherry-Almond Scones
126,British,Raspberry Thumbprint Wholewheat Scones With Macadamia Nuts
127,British,Royal Wedding Pear and Coriander Scones
128,British,Strawberry Scones
129,British,Cheese and Corn Scones
130,British,Raisin Scones
131,Cajun,Red Kidney Bean Jambalaya
132,Cajun,Jean's Seafood Gumbo
133,Cajun,How to Make a Louisiana Style Gumbo
134,Cajun,Cajun Lobster Pasta
135,Cajun,Seafood Gumbo
136,Cajun,How to Make the Best Chicken Jambalaya
137,Cajun,Louisiana Style Gumbo
138,Cajun,Cajun Cuisine: Vegan Jambalaya
139,Cajun,Cajun Seafood and Andouille Sausage Gumbo
140,Cajun,Cajun Potato Wedges
141,Cajun,Cornmeal-Crusted Catfish with Cajun Seasoning and Spicy Tartar Sauce
142,Cajun,Jambalaya Stew
143,Cajun,SLOW COOKER CHICKEN GUMBO SOUP
144,Cajun,Jambalaya Soup
145,Cajun,Blackened Cajun Chicken
146,Cajun,Cajun Shrimp and Marinated Cucumber Salad
147,Cajun,Cajun Shrimp Chowder
148,Cajun,5-Minute Rocky Road Fudge
149,Cajun,Chicken Gumbo Luisiana Style
150,Cajun,Easy Crawfish Jambalaya
151,Cajun,Bananas Foster
152,Cajun,Dulche De Leche Fudge
153,Cajun,French Quarter Bananas Foster Cupcakes
154,Cajun,Cajun Chicken Pasta
155,Cajun,Cajun Louisiana Style Crawfish Etouffee
161,Chinese,"Cauliflower, Brown Rice, and Vegetable Fried Rice"
162,Chinese,Mango Fried Rice
163,Chinese,Gluten Free Dairy Free Sugar Free Chinese Chicken Salad
164,Chinese,Skinny Veggie Fried Rice
165,Chinese,Thai Savory Brown Fried Rice
166,Chinese,Chinese Chicken Salad With Chipotle Dressing
167,Chinese,Chinese Chicken Salad With Creamy Soy Dressing
168,Chinese,Korean Sweet n Sour Chicken
169,Chinese,Thai Veggie Slaw with Peanut Dressing and Crispy Wontons
170,Chinese,Healthier Pork Fried Rice
171,Chinese,Pork Fried Rice
172,Chinese,Chinese Style Stewed Meatballs
173,Chinese,salmon fried rice
174,Chinese,Chinese Style Chicken and Noodle Stir Fry
175,Chinese,Fried Stuffed Wontons with Healthy Dark Chocolate
176,Chinese,Chinese Scallion Pancakes
177,Chinese,Autumn Fried Rice with Buffalo Nuts®
178,Chinese,Rice Noodles With Wonton/chinese Ravioli In Mushroom Sauce
179,Chinese,Sweet & Sour Chicken with Lychees
180,Chinese,Easy Vegetable Fried Rice
181,Chinese,Korean Saewoo Bokkeumbap (Shrimp Fried Rice)
182,Chinese,Southwest Egg Rolls with Cilantro Lime Pesto
183,Chinese,Chinese Steamed Flan
184,Chinese,Chinese Hot Pots Gluten-Free and Low-Carb
185,Chinese,Salmon and Brown Rice Eggrolls
186,Chinese,Fried Rice - Chinese comfort food
187,Chinese,Fried Xocai Healthy Chocolate Stuffed Wontons
188,Chinese,Chinese Bbq Pork Ribs
189,Chinese,Shrimp & Crab Egg Rolls
190,Chinese,Shrimp Fried Rice
191,Chinese,Monte Cristo Egg Rolls
192,Chinese,Japanese Gyoza Pot Stickers
193,Chinese,Taco Egg Roll
194,Chinese,Chinese Potstickers
195,Chinese,Five Spice Chinese Pork Stew
196,Chinese,Crab Wontons
197,Chinese,Kung Pao Chicken With Peanuts
198,Chinese,Vegetable Fried Wontons
199,Chinese,Vegetarian Chinese Pot Stickers
200,Chinese,Chinese Veg Fried rice
201,Chinese,Vegetable Wontons
202,Chinese,Easy Thai Fried Rice
203,Chinese,Coconut Chow Mein Butterscotch Cookies
204,Eastern European,Pierogi Casserole
205,Eastern European,Romanian Pea and Chicken Stew
206,Eastern European,German Goulash
207,Eastern European,Hungarian Beef Goulash
208,Eastern European,Austrian Goulash
209,Eastern European,Transylvanian Goulash
210,Eastern European,Slow Cooker Shanghai-Style Beef Borscht
211,Eastern European,Hungarian Goulash Soup
212,Eastern European,Borscht Soup
213,Eastern European,Vegan Beet Borscht
214,Eastern European,"Pierogies with Caramelized Onion, Cabbage, and Potato"
215,Eastern European,Hungarian Plum Dumplings
216,Eastern European,Easy Weeknight Beef Stroganoff
217,Eastern European,Turkey Goulash By Mommie Cooks
218,Eastern European,Hungarian Potato Soup
219,Eastern European,Beef Stroganoff w Bella Mushrooms
220,Eastern European,Pernik - Czech Spice Cake
221,Eastern European,Homemade Pierogies with Sauteed Onions
222,Eastern European,Hungarian Cottage-Cheese Biscuits (Túrós Pogácsa)
223,Eastern European,Sterling Cooper Blini with Caviar
224,Eastern European,Mashed Potato and Pea Perogies
225,Eastern European,Borscht
226,European,Turkey Tomato Cheese Pizza
227,European,Broccolini Quinoa Pilaf
228,European,"Greek-Style Baked Fish: Fresh, Simple, and Delicious"
229,European,Vegetarian Mushroom Shepherd's Pie
230,European,Lemony Greek Lentil Soup
231,European,What to make for dinner tonight?? Bruschetta Style Pork & Pasta
232,European,Salmon Quinoa Risotto
233,European,Vegan Colcannon Soup
234,European,Italian Tuna Pasta
235,European,Baked Ratatouille
236,European,Roasted Brussels Sprouts With Garlic
237,European,Asparagus Lemon Risotto
238,European,Italian Steamed Artichokes
239,European,Crispy Italian Cauliflower Poppers Appetizer
240,European,Pappa Al Pomodoro
241,European,Mushroom Hummus Crostini
242,European,Spanish style salmon fillets
243,European,Roma Tomato Bruschetta
244,European,Easy Cheesy Pizza Casserole
245,European,Plantain Pizza
246,European,Guinness Braised Corned Beef and Cabbage
247,European,Veggie Lasagna Rolls with Peppery Pecorino Marinara
248,European,Corned Beef and Cabbage
249,European,Vegetable Minestrone Soup
250,European,Classic Greek Moussaka
251,European,Slow Cooked Corned Beef and Cabbage
252,European,Osso Buco
253,European,Winter Vegetable Minestrone Soup
254,European,Vegetarian Moussaka With Portabella
255,European,Corned Beef And Cabbage With Irish Mustard Sauce
256,European,Italian Seafood Stew
257,European,Italian String Beans With Anchovies and Breadcrumbs
258,European,Pumpkin gnocchi with basil and Parmesan
259,European,Creamy Ratatouille Over Penne
260,European,Golden Beet Panzanella
261,European,Easy Skillet Garden Lasagna
262,European,Potato Gnocchi With Kale and Mushrooms In A Goat Cheese Sauce
263,European,Heart Shaped Spinach Ravioli
264,European,Homemade Thin Crust Pizza + Pesto + Potato
265,European,Pierogi Casserole
266,European,Grilled Chicken Gyros With Tzatziki
267,European,Romanian Pea and Chicken Stew
268,European,Fresh Tomato Risotto with Grilled Green Vegetables
269,European,German Goulash
270,European,How Sweet It Is Sweet Potato Lasagne
271,European,Italian Sausage and Vegetable Soup
272,European,"Roasted Peppers, Spinach & Feta Pizza"
273,European,Sun-Dried Tomato Romesco
274,European,Hungarian Beef Goulash
275,European,Baked Chicken Caprese
276,European,Julia Child's Coq au Vin
277,European,Slow Cooker Minestrone Soup
278,European,Great Greek Salad
279,European,Ratatouille Pasta
280,European,Classic French Mussels
281,European,Best Minestrone Soup Recipe
282,European,Italian Tomato and Mozzarella Caprese
283,European,Polla alla Parmigiana: Chicken Parmesan
284,European,Lasagna - Spinach Rolls
285,European,Italian Pasta Salad with organic Arugula
286,European,Austrian Goulash
287,European,Sriracha Honey Brussel Sprouts
288,European,Simple Skillet Lasagna
289,European,Minestrone
290,European,Eggplant Parmesan Roll-Ups
291,European,Excellent No Fail and Easy Keto Zucchini Lasagna
292,European,Pear and Pesto Crostini
293,European,Herbed Vegetables In A Feta Quiche With A Wild Rice Crust
294,European,Crab Ravioli With Scallops and Gremolata
295,European,Irish Colcannon
296,European,Italian Beef Braciole
297,European,Pasta e Fagioli (Pasta and Beans)
298,European,Layered Greek Salad
299,European,Sun-Dried Tomato and Leek Quiche
300,European,Pesto Veggie Pizza
301,European,Easy Eggplant Parmesan
302,European,Greek Yogurt Chicken Salad
303,European,Beef Pot Pies with Irish Cheddar Crust
304,European,Lightened Ricotta Stuffed Shells With Italian Sausage Ragu
305,European,Roasted Pumpkin and Barley Risotto
306,European,Light Greek Lemon Chicken Orzo Soup
307,European,Chicken Pasta Primavera - Flower Patch Farmgirl Style
308,European,Thin Crust Genoa Salami Pizza
309,European,Pumpkin Banana Protein Oat Bars
310,European,Lamb Moussaka
311,European,Transylvanian Goulash
312,European,Italian Kale and Potato Soup
313,European,"Elk Italian Sausage Pizza With Ricotta Cheese, Sautéd Mushrooms and Onion"
314,European,Slow Cooker Shanghai-Style Beef Borscht
315,European,Dutch Oven Paella
316,European,Hungarian Goulash Soup
317,European,Roasted Ratatouille Gratin
318,European,Best Chicken Parmesan
319,European,Panzanella Salad
320,European,Spanakopita (Greek Spinach Pie)
321,European,Lamb Burgers With Tzatziki Sauce
322,European,Polenta gnocchi with savoy cabbage and cheese
323,European,My Favorite Minestrone
324,European,Skillet Lasagna Topped with Ricotta
325,European,Roll Up Eggplant Lasagna
326,French,Baked Ratatouille
327,French,Creamy Ratatouille Over Penne
328,French,Julia Child's Coq au Vin
329,French,Ratatouille Pasta
330,French,Classic French Mussels
331,French,Herbed Vegetables In A Feta Quiche With A Wild Rice Crust
332,French,Sun-Dried Tomato and Leek Quiche
333,French,Roasted Ratatouille Gratin
334,French,Ratatouille
335,French,Ratatouille With Brie
336,French,Vegetarian Ratatouille
337,French,Julia Child's Ratatouille
338,French,Strawberry Cheesecake Chocolate Crepes
339,French,Mushroom Crepes with Vegetarian Sauce
340,French,Salmon and Broccoli Crepes
341,French,Mushroom Crepes
342,French,French Onion Salisbury Steak
343,French,Poached Prawns with Fettuccine and French String Beans
344,French,Egg Souffle With Bacon and Asparagus
345,French,Simple Broccoli Cheddar Quiche
346,French,French Dips With Au Jus
347,French,Alaskan Smoked Salmon Nicoise Salad With Alouette Crumbled Feta
348,French,Crock Pot Shredded French Dip
349,French,Leek and Mushroom Quiche
350,French,Chavrie Spinach Quiche
351,French,Niçoise Salad
352,French,Buckwheat Crepes
353,French,Quiche with Swiss Chard and Mushroom
354,French,Classic French Onion Soup
355,French,Crepes Suzette
356,French,Bacon and Arugula Quiche
357,French,Chocolate Souffle
358,French,Spinach & Ham Quiche
359,French,Savory Carrot Souffle
360,French,Caramelised Onion and Mushroom Quiche
361,French,Leek and goat’s cheese quiche
362,French,Butternut Squash Souffle Side Dish
363,French,French Onion Marsala Soup
364,French,Zucchini Quiche & Almond Flax Crust
365,French,Mushroom & Gruyere Quiche
366,French,Apple Cinnamon Quiche
367,French,Make Ahead Quiche
368,French,Asparagus Quiche
369,French,Vegetable Cheddar Quiche
370,French,Havarti and Asparagus Quiche
371,French,Bailey's Irish Cream Crepes With Creme
372,French,Simple Whole Wheat Crepes
373,French,Lemon Rum Crêpes
374,French,Classic Custard Quiche Lorraine
375,French,French Style Almond Saffron Cake
376,French,Roasted Tomato and Garlic Quiche
377,French,Chavrie Fresh Goat Cheese Souffle
378,French,"Vegetable Quiche Made With Fresh Tomatoes, Spinach, Basil and Goat Cheese"
379,French,Banana Creme Brulee
380,French,Reduced Fat Blueberry Cheesecake Crepes
381,French,Orange Creme Brulee
382,French,French Silk Chocolate Cake
383,French,Whisky Seville Marmalade Souffle
384,French,Pate De Chocolate
385,French,Creme Brulee
386,French,"Red, White & Blue Crepes: Happy July 4th! @driscollsberry"
387,French,Zomppa's French Apple Tart
388,French,Gougères Gruyère – French Appetizer
389,French,Blackberry Creme Brulee
390,French,Lavender Tea With Lemon French Macarons
391,French,Grilled Ratatouille
392,French,Puff Paste quiche
393,French,Nutella Crepes and Ice Cream
394,French,Easy Homemade French Onion Dip
395,German,Spinach Goats Cheese Roulade Main Dish
396,German,Lamb and Fresh Goat Cheese Roulade
397,German,German Meatloaf Falscher Hase
398,German,Pork Schnitzel And Apple Salad
399,German,German Braised Red Cabbage
400,German,Chicken/sweet Potato Roulade With Goat Cheese Sauce
401,German,Zucchini Feta Roulade
402,German,German White Chocolate Cake
403,German,German Rhubarb Cake with Meringue
404,German,Frikadellen German Meat Patties
405,German,Decadent Black Forest Cake
406,German,German Chocolate Drink with Xocai Healthy Chocolate
407,German,Pork schnitzel with tarragon cream sauce
408,German,German Lemon Cake With Cranberry Aka Cranberry Zitronenkuchen
409,German,Black Forest Cake For Blogger Friends
410,Greek,"Greek-Style Baked Fish: Fresh, Simple, and Delicious"
411,Greek,Lemony Greek Lentil Soup
412,Greek,Classic Greek Moussaka
413,Greek,Vegetarian Moussaka With Portabella
414,Greek,Grilled Chicken Gyros With Tzatziki
415,Greek,Great Greek Salad
416,Greek,Layered Greek Salad
417,Greek,Greek Yogurt Chicken Salad
418,Greek,Light Greek Lemon Chicken Orzo Soup
419,Greek,Lamb Moussaka
420,Greek,Spanakopita (Greek Spinach Pie)
421,Greek,Lamb Burgers With Tzatziki Sauce
422,Greek,Greek Chicken Sheet Pan Dinner with Green Beans and Feta
423,Greek,Greek Side Salad
424,Greek,Pork Shoulder Tacos with Chipotle Greek Yogurt and Coleslaw
425,Greek,Eggplant Fries with Tzatziki Sauce
426,Greek,Pasta With Roasted Vegetables & Greek Olives
427,Greek,Greek Shrimp Orzo
428,Greek,Greek Inspired Spring Omelet
429,Greek,Peach and Pistachio Greek Yogurt Bowl
430,Greek,Gyros
431,Greek,Gluten-Free Lamb Moussaka
432,Greek,Easy Lemon Feta Greek Yogurt Dip
433,Greek,Greek Style Honey and Pistachio Cake
434,Greek,Spanakopita Cups
435,Greek,Marinated Souvlaki
436,Indian,Spicy Black-Eyed Pea Curry with Swiss Chard and Roasted Eggplant
437,Indian,Gujarati Dry Mung Bean Curry
438,Indian,Rice and Peas with Coconut Curry Mackerel
439,Indian,Indian-Style Dill and Turmeric Potato Salad
440,Indian,Slow Cooker Lamb Curry
441,Indian,Curry Mussels
442,Indian,Authentic Jamaican Curry Chicken
443,Indian,Indian-Style Pumpkin Side Dish
444,Indian,Easy Chicken Tikka Masala
445,Indian,Curry Beef Over Rice Noodles
446,Indian,Luscious Palak Paneer
447,Indian,Green Curry Chicken Salad
448,Indian,Assam Fish Curry
449,Indian,Chana Masala in Minty Yogurt sauce
450,Indian,Mughlai Malai Kofta Curry
451,Indian,Indian Spiced Red Lentil Soup
452,Indian,Ethiopian Lentil Curry
453,Indian,"Mint, Fennel and Garlic Naan"
454,Indian,Lamb Chops Masala
455,Indian,Chai Pani’s Malabar Chicken Curry
456,Indian,Lamb Coconut Tomato Curry Sauce
457,Indian,Couscous Biryani
458,Indian,Roasted Acorn Squash Stuffed with spicy Biryani (Veg/vegan)
459,Indian,Strawberry and Banana Lassi
460,Indian,"Spicy Coconut Curry With Peppers, Pak Choi and Tomatoes"
461,Indian,Masala Lamb Chops
462,Indian,Indian-Inspired Lentil Soup
463,Indian,Garam Masala Pork Chops with Mint Yogurt and Spiced Couscous
464,Indian,Indian-Spiced Ground Beef Main Dish
465,Indian,Chicken Tikka Masala Indian
466,Indian,Indian Lentil Dahl
467,Indian,Beef and Tomato Curry Over Quinoa
468,Indian,Curry Fish With Peas
469,Indian,Kari Kepala Ikan Bersama Belimbing Buluh (Fish Head Curry)
470,Indian,Minced Beef Curry
471,Indian,Coconut Vegetable Curry Over Quinoa
472,Indian,Maple & Curry Acorn Squash
473,Indian,Chickpea and Pumpkin Curry
474,Indian,Trinidadian Chicken Potato Curry
475,Indian,Quick Goan Fish Curry
476,Indian,Red Curry Stew & Vegetable Noodles
477,Indian,Baked Indian Spice Chickpea
478,Indian,Halibut with Coconut and Green Curry
479,Indian,Cashew Butter Chicken
480,Indian,Pachai Payaru Kulambu (Green Moong Dal Curry)
481,Indian,Fish Fillet In Creamy Coconut Curry
482,Indian,"Channa-Chickpea, Potato & Cauliflower Curry"
483,Indian,Eggplant Curry
484,Indian,Palak Paneer
485,Indian,Thai Coconut Curry Lentil Soup
486,Indian,Thai Basil Chicken With Green Curry
487,Indian,Curry-Braised Chicken
488,Indian,Hyderabadi Chicken Curry
489,Indian,Kashmiri Rogan Josh
490,Indian,Curry Spiced Carrots
491,Indian,Paneer jalfrezi
492,Indian,Fenugreek Roti
493,Indian,Curry Chicken Salad
494,Indian,Thai Coconut Curry Soup
495,Indian,Vegan Chana Masala Curry
496,Indian,Meatball Curry (Kofta Curry)
497,Indian,Madras Beef Curry
498,Indian,Boiled Egg Curry
499,Indian,Malay-Style Red Chicken Curry
500,Indian,Tropical Thai Chicken Curry
501,Indian,Masala Raisin Chicken
502,Indian,Curry and Sage Roast Chicken
503,Indian,Spinach Chickpea - Palak Chana Rice
504,Indian,Easy Chicken Tandoori
505,Indian,Murg Malai Tikka
506,Indian,Indian-Style Eggs On Toast
507,Indian,Creamy Maharashtrian Chole
508,Indian,Singapore Curry
509,Indian,mint raita
510,Indian,Baked Indian Samosas
511,Indian,Butter Chicken
512,Indian,Minced Mutton Curry
513,Indian,Creamy Chicken Tikka Masala
514,Indian,Healthy Tomato Soup with Coconut and Curry
515,Indian,Thai Red Curry
516,Indian,Garlic-Butter Naan
517,Indian,Kohlrabi Fries with Curry Ketchup
518,Indian,Indian Asparagus with Ginger & Lime
519,Indian,Express Chicken Curry
520,Indian,Indian Tandoori Chicken
521,Indian,Ridiculously Easy Naan
522,Indian,Curry Mee Noodle Soup
523,Indian,Prawn Curry
524,Indian,Grilled Masala Prawns With Pineapple-Mint Raita
525,Indian,Easy Eggplant Curry
526,Indian,My Chicken Korma
527,Indian,"Red Lentil Curry (Vegan, Gluten Free)"
528,Indian,onion raita
529,Indian,Coconut Prawn Curry
530,Indian,Simple Garlic Butter Naan
531,Indian,Masala Roti/chapati( Spiced Indian Flat Bread)
532,Indian,Curry Crackers
533,Indian,Easy Naan Bread with Garlic Butter
534,Indian,Kofat Curry/meat Ball Curry
535,Indian,Vegetable Paneer Skewers Or Paneer Tikka
536,Irish,Vegan Colcannon Soup
537,Irish,Guinness Braised Corned Beef and Cabbage
538,Irish,Corned Beef and Cabbage
539,Irish,Slow Cooked Corned Beef and Cabbage
540,Irish,Corned Beef And Cabbage With Irish Mustard Sauce
541,Irish,Irish Colcannon
542,Irish,Beef Pot Pies with Irish Cheddar Crust
543,Irish,Kale Colcannon
544,Irish,Irish Brown Soda Bread
545,Irish,Mussels in Irish Ale
546,Irish,Rosemary Rum Raisin Soda Bread with Pecans
547,Irish,Colcannon
548,Irish,"Oatmeal, Apricot, Walnut Soda Bread"
549,Irish,Irish Soda Bread By Mommie Cooks
550,Irish,Irish Whiskey Pie
551,Irish,Madeleines With Irish Whiskey Fudge
552,Irish,Irish Coffee Chocolate Mousse
553,Irish,Irish Soda Bread with Raisins
554,Irish,Xocai Irish Cream with Xocai Healthy Dark Chocolate Nuggets
555,Italian,Turkey Tomato Cheese Pizza
556,Italian,Broccolini Quinoa Pilaf
557,Italian,What to make for dinner tonight?? Bruschetta Style Pork & Pasta
558,Italian,Salmon Quinoa Risotto
559,Italian,Italian Tuna Pasta
560,Italian,Roasted Brussels Sprouts With Garlic
561,Italian,Asparagus Lemon Risotto
562,Italian,Italian Steamed Artichokes
563,Italian,Crispy Italian Cauliflower Poppers Appetizer
564,Italian,Pappa Al Pomodoro
565,Italian,Mushroom Hummus Crostini
566,Italian,Roma Tomato Bruschetta
567,Italian,Easy Cheesy Pizza Casserole
568,Italian,Plantain Pizza
569,Italian,Veggie Lasagna Rolls with Peppery Pecorino Marinara
570,Italian,Vegetable Minestrone Soup
571,Italian,Osso Buco
572,Italian,Winter Vegetable Minestrone Soup
573,Italian,Italian Seafood Stew
574,Italian,Italian String Beans With Anchovies and Breadcrumbs
575,Italian,Pumpkin gnocchi with basil and Parmesan
576,Italian,Golden Beet Panzanella
577,Italian,Easy Skillet Garden Lasagna
578,Italian,Potato Gnocchi With Kale and Mushrooms In A Goat Cheese Sauce
579,Italian,Heart Shaped Spinach Ravioli
580,Italian,Homemade Thin Crust Pizza + Pesto + Potato
581,Italian,Fresh Tomato Risotto with Grilled Green Vegetables
582,Italian,How Sweet It Is Sweet Potato Lasagne
583,Italian,Italian Sausage and Vegetable Soup
584,Italian,"Roasted Peppers, Spinach & Feta Pizza"
585,Italian,Baked Chicken Caprese
586,Italian,Slow Cooker Minestrone Soup
587,Italian,Best Minestrone Soup Recipe
588,Italian,Italian Tomato and Mozzarella Caprese
589,Italian,Polla alla Parmigiana: Chicken Parmesan
590,Italian,Lasagna - Spinach Rolls
591,Italian,Italian Pasta Salad with organic Arugula
592,Italian,Sriracha Honey Brussel Sprouts
593,Italian,Simple Skillet Lasagna
594,Italian,Minestrone
595,Italian,Eggplant Parmesan Roll-Ups
596,Italian,Excellent No Fail and Easy Keto Zucchini Lasagna
597,Italian,Pear and Pesto Crostini
598,Italian,Crab Ravioli With Scallops and Gremolata
599,Italian,Italian Beef Braciole
600,Italian,Pasta e Fagioli (Pasta and Beans)
601,Italian,Pesto Veggie Pizza
602,Italian,Easy Eggplant Parmesan
603,Italian,Lightened Ricotta Stuffed Shells With Italian Sausage Ragu
604,Italian,Roasted Pumpkin and Barley Risotto
605,Italian,Chicken Pasta Primavera - Flower Patch Farmgirl Style
606,Italian,Thin Crust Genoa Salami Pizza
607,Italian,Pumpkin Banana Protein Oat Bars
608,Italian,Italian Kale and Potato Soup
609,Italian,"Elk Italian Sausage Pizza With Ricotta Cheese, Sautéd Mushrooms and Onion"
610,Italian,Best Chicken Parmesan
611,Italian,Panzanella Salad
612,Italian,Polenta gnocchi with savoy cabbage and cheese
613,Italian,My Favorite Minestrone
614,Italian,Skillet Lasagna Topped with Ricotta
615,Italian,Roll Up Eggplant Lasagna
616,Italian,The Best Quinoa Minestrone
617,Italian,(Lighter) Classic Eggplant Parmigiana
618,Italian,Italian Meatloaf with Hard Boiled Eggs
619,Italian,Buffalo Mozzarella & Pepperoni Pizza with a Cauliflower Crust
620,Italian,Eggplant Parmesan
621,Italian,Lemon-Pepper Fettucine Alfredo
622,Italian,Chestnut Risotto
623,Italian,Pumpkin and Sausage Lasagna
624,Italian,Thai Pizza
625,Italian,Quick and Easy Caprese Salad
626,Italian,Pumpkin Ravioli With Browned Butter Sage Sauce
627,Italian,Chicken Cacciatore
628,Italian,Lasagne Roll Ups
629,Italian,Chicken Farfalle with Low-Fat Alfredo Sauce
630,Italian,"Butternut, Chicken and Feta Risotto"
631,Italian,Mexican Lasagna with Chicken & Black Bean
632,Italian,One-Pan Butternut Squash Risotto with Mushrooms
633,Italian,World’s Greatest Lasagna Roll Ups
634,Italian,summer vegetable pizza
635,Italian,Eggplant Caprese Stack Appetizers
636,Italian,Caprese-Style Stuffed Tomatoes with Balsamic Reduction
637,Italian,Minestrone Soup
638,Italian,Bruschetta Stuffed Potatoes
639,Italian,Lasagna Silvia
640,Italian,Brussels Sprout Carbonara with Fettuccini
641,Italian,Lemon and Edamame Risotto with Pecans
642,Italian,Chicken Parmesan With Pasta
643,Italian,Butternut Squash Gnocchi With Whiskey Cream Sauce
644,Italian,Pasta With Italian Sausage
645,Italian,Garden Vegetable Ravioli With Tomato Brodo
646,Italian,Sweet Potato Gnocchi tossed in Garlic Sage Olive Oil
647,Italian,Pizza bites with pumpkin
648,Italian,Polenta Pie With Italian Toppings
649,Italian,Layered Baked Eggplant Parmesan
650,Italian,Creamy Asparagus Risotto Side Dish
651,Italian,Eggplant Parmesan
652,Italian,Butternut Squash Pizza
653,Italian,Creamy Risotto With Smoked Turkey Sausage
654,Italian,Noodle Free Eggplant and Spinach Lasagna
655,Japanese,Miso Soup With Thin Noodles
656,Japanese,Japanese Sushi
657,Japanese,Ground Pork Ramen
658,Japanese,Beef Teriyaki Stir Fry
659,Japanese,Instant Pot Pork Tenderloin Teriyaki
660,Japanese,Chicken and Miso Ramen Noodle Soup
661,Japanese,Japanese Chicken Donburi
662,Japanese,Soba Noodle In Kombu Dashi With Teriyaki Salmon
663,Japanese,Japanese Steak Salad
664,Japanese,Neoguri (Spicy Seafood Ramen)
665,Japanese,Japanese Curry Puffs
666,Japanese,Chicken Teriyaki with Soba Noodles
667,Japanese,Coconut Curry Ramen Noodles
668,Japanese,"Teriyaki Flank Steak Sandwich With Napa Cabbage, Red Bell Peppers & Carrots"
669,Japanese,Orange Teriyaki Chicken
670,Japanese,Japanese Clear Soup
671,Japanese,Japanese Mabo Tofu With Eggplant
672,Japanese,Homemade Creamy Ramen Soup
673,Japanese,Pan Seared Fresh Maine Diver Scallops Creamy Avocado Champagne Grape Salad Teriyaki Cabernet Butter Sauce
674,Japanese,Thinly Sliced Beef Yakitori
675,Japanese,Tonkatsu
676,Japanese,Japanese Steamed Sweetcorn Bun
677,Japanese,Repost - Japanese Cotton Cheesecake
678,Japanese,Oriental Filet Mignon on Crisp Kataifi with Shrimp Tempura
679,Japanese,Japanese Salad Dressing
680,Japanese,Baked Teriyaki Chicken Drumsticks
681,Japanese,Japanese Cucumber Salad
682,Japanese,Japanese Chiffon Cake
683,Japanese,Yakitori Glaze
684,Japanese,Japanese Pickles
693,Korean,Winter Kimchi
694,Korean,Chapchae (Korean Stir-Fried Noodles)
695,Korean,Kimchi
696,Korean,Kimchi/Kimchee/Gimchi (Korean Fermented Spicy Cabbage)
697,Korean,Bibimbab (Korean Rice w Vegetables & Beef)
698,Korean,Korean-Style Hamburg Steak w Tomato Gravy
699,Korean,Korean Bibimbab (Rice w Vegetables & Beef)
700,Korean,Healthy Cabbage Soup with Spicy Kimchi
701,Korean,Donkatsu - Korean Breaded Pork Cutlet
702,Korean,Korean Beef Rice Bowl
703,Korean,Korean Candy Chicken
704,Korean,Spicy Korean Bbq Pork
705,Korean,Korean Chicken Stew
706,Korean,Galbi Tang (Korean Beef Short Ribs Soup)
707,Korean,Korean Perilla Pesto
708,Korean,Dak Bulgogi - Korean BBQ Chicken
709,Korean,"Sweet Potato Kimchi Hash Brunch - gluten free, dairy free, vegetarian"
710,Korean,Korean Potato Salad
711,Korean,Korean Honey Citron Tea Cheesecake
712,Korean,Kkaetnip Jangajji (Korean Pickled Perilla Leaves)
713,Korean,Easy Korean Beef
714,Korean,Korean Dak Juk (Chicken Porridge)
715,Korean,Korean Bibim Naengmyun (Instant Spicy Cold Noodles)
716,Latin American,Chimichurri Skirt Steak with Grilled Asparagus
717,Latin American,Flank Steak With Chimichurri Sauce
718,Latin American,Steak Salad with Chimichurri Sauce
719,Latin American,A Chimichurri You'll Want to Put on Everything
720,Latin American,Pan Seared Lamb Loin With Chimichurri & Roasted Trio Squash Salad With Goat Cheese and Pinenuts
721,Latin American,A Post Thanksgiving “sopa De Tortilla”
722,Latin American,Fresh and Simple Swai Ceviche
723,Latin American,"Ceviche - a Fancy, Expensive Seafood Dish Made Easy at Home"
724,Latin American,Carne Asada Burritos
725,Latin American,Liz's Lomo Saltado
726,Latin American,Ahi Tuna Ceviche
727,Latin American,Gluten-Free Tres Leches Cake
728,Latin American,Warm Cucumber Soup (Sopa De Pepinos)
729,Latin American,Chimichurri
730,Mediterranean,Turkey Tomato Cheese Pizza
731,Mediterranean,Broccolini Quinoa Pilaf
732,Mediterranean,"Greek-Style Baked Fish: Fresh, Simple, and Delicious"
733,Mediterranean,Lemony Greek Lentil Soup
734,Mediterranean,What to make for dinner tonight?? Bruschetta Style Pork & Pasta
735,Mediterranean,Salmon Quinoa Risotto
736,Mediterranean,Italian Tuna Pasta
737,Mediterranean,Baked Ratatouille
738,Mediterranean,Roasted Brussels Sprouts With Garlic
739,Mediterranean,Asparagus Lemon Risotto
740,Mediterranean,Italian Steamed Artichokes
741,Mediterranean,Crispy Italian Cauliflower Poppers Appetizer
742,Mediterranean,Pappa Al Pomodoro
743,Mediterranean,Mushroom Hummus Crostini
744,Mediterranean,Roma Tomato Bruschetta
745,Mediterranean,Easy Cheesy Pizza Casserole
746,Mediterranean,Plantain Pizza
747,Mediterranean,Veggie Lasagna Rolls with Peppery Pecorino Marinara
748,Mediterranean,Vegetable Minestrone Soup
749,Mediterranean,Classic Greek Moussaka
750,Mediterranean,Osso Buco
751,Mediterranean,Winter Vegetable Minestrone Soup
752,Mediterranean,Vegetarian Moussaka With Portabella
753,Mediterranean,Italian Seafood Stew
754,Mediterranean,Italian String Beans With Anchovies and Breadcrumbs
755,Mediterranean,Pumpkin gnocchi with basil and Parmesan
756,Mediterranean,Creamy Ratatouille Over Penne
757,Mediterranean,Golden Beet Panzanella
758,Mediterranean,Easy Skillet Garden Lasagna
759,Mediterranean,Potato Gnocchi With Kale and Mushrooms In A Goat Cheese Sauce
760,Mediterranean,Heart Shaped Spinach Ravioli
761,Mediterranean,Homemade Thin Crust Pizza + Pesto + Potato
762,Mediterranean,Grilled Chicken Gyros With Tzatziki
763,Mediterranean,Fresh Tomato Risotto with Grilled Green Vegetables
764,Mediterranean,How Sweet It Is Sweet Potato Lasagne
765,Mediterranean,Italian Sausage and Vegetable Soup
766,Mediterranean,"Roasted Peppers, Spinach & Feta Pizza"
767,Mediterranean,Baked Chicken Caprese
768,Mediterranean,Julia Child's Coq au Vin
769,Mediterranean,Slow Cooker Minestrone Soup
770,Mediterranean,Great Greek Salad
771,Mediterranean,Ratatouille Pasta
772,Mediterranean,Classic French Mussels
773,Mediterranean,Best Minestrone Soup Recipe
774,Mediterranean,Italian Tomato and Mozzarella Caprese
775,Mediterranean,Polla alla Parmigiana: Chicken Parmesan
776,Mediterranean,Lasagna - Spinach Rolls
777,Mediterranean,Italian Pasta Salad with organic Arugula
778,Mediterranean,Sriracha Honey Brussel Sprouts
779,Mediterranean,Simple Skillet Lasagna
780,Mediterranean,Minestrone
781,Mediterranean,Eggplant Parmesan Roll-Ups
782,Mediterranean,Excellent No Fail and Easy Keto Zucchini Lasagna
783,Mediterranean,Pear and Pesto Crostini
784,Mediterranean,Herbed Vegetables In A Feta Quiche With A Wild Rice Crust
785,Mediterranean,Crab Ravioli With Scallops and Gremolata
786,Mediterranean,Italian Beef Braciole
787,Mediterranean,Pasta e Fagioli (Pasta and Beans)
788,Mediterranean,Layered Greek Salad
789,Mediterranean,Sun-Dried Tomato and Leek Quiche
790,Mediterranean,Pesto Veggie Pizza
791,Mediterranean,Easy Eggplant Parmesan
792,Mediterranean,Greek Yogurt Chicken Salad
793,Mediterranean,Lightened Ricotta Stuffed Shells With Italian Sausage Ragu
794,Mediterranean,Roasted Pumpkin and Barley Risotto
795,Mediterranean,Light Greek Lemon Chicken Orzo Soup
796,Mediterranean,Chicken Pasta Primavera - Flower Patch Farmgirl Style
797,Mediterranean,Thin Crust Genoa Salami Pizza
798,Mediterranean,Pumpkin Banana Protein Oat Bars
799,Mediterranean,Lamb Moussaka
800,Mediterranean,Italian Kale and Potato Soup
801,Mediterranean,"Elk Italian Sausage Pizza With Ricotta Cheese, Sautéd Mushrooms and Onion"
802,Mediterranean,Roasted Ratatouille Gratin
803,Mediterranean,Best Chicken Parmesan
804,Mediterranean,Panzanella Salad
805,Mediterranean,Spanakopita (Greek Spinach Pie)
806,Mediterranean,Lamb Burgers With Tzatziki Sauce
807,Mediterranean,Polenta gnocchi with savoy cabbage and cheese
808,Mediterranean,My Favorite Minestrone
809,Mediterranean,Skillet Lasagna Topped with Ricotta
810,Mediterranean,Roll Up Eggplant Lasagna
811,Mediterranean,The Best Quinoa Minestrone
812,Mediterranean,(Lighter) Classic Eggplant Parmigiana
813,Mediterranean,Italian Meatloaf with Hard Boiled Eggs
814,Mediterranean,Buffalo Mozzarella & Pepperoni Pizza with a Cauliflower Crust
815,Mediterranean,Greek Chicken Sheet Pan Dinner with Green Beans and Feta
816,Mediterranean,Eggplant Parmesan
817,Mediterranean,Lemon-Pepper Fettucine Alfredo
818,Mediterranean,Chestnut Risotto
819,Mediterranean,Ratatouille
820,Mediterranean,Pumpkin and Sausage Lasagna
821,Mediterranean,Greek Side Salad
822,Mediterranean,Pork Shoulder Tacos with Chipotle Greek Yogurt and Coleslaw
823,Mediterranean,Thai Pizza
824,Mediterranean,Quick and Easy Caprese Salad
825,Mediterranean,Pumpkin Ravioli With Browned Butter Sage Sauce
826,Mediterranean,Chicken Cacciatore
827,Mediterranean,Ratatouille With Brie
828,Mediterranean,Vegetarian Ratatouille
829,Mediterranean,Lasagne Roll Ups
830,Mexican,Chicken Fajita Stuffed Bell Pepper
831,Mexican,Corn Avocado Salsa
832,Mexican,Cheesy Chicken Enchilada Quinoa Casserole
833,Mexican,Homemade Guacamole
834,Mexican,Filet Mignon Soft Tacos
835,Mexican,Slow Cooker Chicken Taco Soup
836,Mexican,Instant Pot Chicken Taco Soup
837,Mexican,Corn-Crusted Fish Tacos With Jalapeno-Lime Sauce and Spicy Black Beans
838,Mexican,Beef Fajita Marinade
839,Mexican,Carolina Caviar - Black Bean Salsa
840,Mexican,Vegan Taco bowls with Cilantro Lime Cauliflower Rice
841,Mexican,"Grilled Salmon With Cherry, Pineapple, Mango Salsa"
842,Mexican,Mango Salsa
843,Mexican,Restaurant Style Salsa
844,Mexican,Chilled Avocado and Cucumber Soup With Prawn and Scallop Salsa
845,Mexican,Crispy-Crowned Guacamole Fish Fillets
846,Mexican,Flank Steak with Herbed Salsa
847,Mexican,Mexican Casserole
848,Mexican,Black Bean and Peppers Taco Filling
849,Mexican,Knock-Your-Socks-Off Guacamole
850,Mexican,Mexican Chicken & Rice Bowl
851,Mexican,Seared Pork Chops with Mango Salsa
852,Mexican,Grilled Fish Tacos with Spicy Tequila-Lime Guacamole
853,Mexican,Grilled Salmon With Mango Salsa
854,Mexican,Blast Of Color Mexican Stuffed Bell Peppers
855,Mexican,Mini Stuffed Mexican Bell Peppers
856,Mexican,Protein Strawberry Smoothie
857,Mexican,Cheesy Beef Burrito
858,Mexican,Mexican Quinoa Bowl
859,Mexican,Salsa Chicken & Black Beans
860,Mexican,Mexican Lettuce Wraps & Spanish Rice
861,Mexican,Salsa Verde By Mommie Cooks
862,Mexican,Black Bean Soup With Pico De Gallo and Chipotle Creme
863,Mexican,Spicy Seasoned Loaded Guacamole
864,Mexican,Turkey Enchilada Bake
865,Mexican,Turkey Kale Tacos
866,Mexican,Grilled Guacamole with Pistachios
867,Mexican,Healthy & Spicy Fish Taco Salad
868,Mexican,Mango Kiwi Salsa
869,Mexican,Loaded Paleo Nachos With Fresh Salsa & Guacamole
870,Mexican,Guacamole
871,Mexican,Spiced Chicken With Black Bean and Mango Salsa
872,Mexican,Cilantro Lime Fish Tacos
873,Mexican,Quick Chicken Enchilada Soup
874,Mexican,Chicken Taquitos with an Avocado Salsa
875,Mexican,Chicken Enchilada Casserole
876,Mexican,Tangy & Savory Mexican Soup
877,Mexican,Spicy Vegan Quesadillas
878,Mexican,Elk Sirloin Tacos With Pickled Jalapeños
879,Mexican,Enchilada Stuffed Spaghetti Squash
880,Mexican,Kk's Fish Tacos
881,Mexican,Skirt Steak Fajitas
882,Mexican,Artichoke croutons with guacamole
883,Mexican,Pork Tenderloin With Mango-Kiwi Glaze Served With Tomatillo Salsa
884,Mexican,Smoky Chicken Tacos
885,Mexican,Mexican Pork and Rice
886,Mexican,Chicken Burritos
887,Mexican,Instant Pot Chicken Tacos
888,Mexican,"Mushroom, Jalapeño, and Cilantro Salsa"
889,Mexican,Crockpot Garlic Lime Salsa Meatball Tacos
890,Mexican,Salmon With Orange Salsa and Pomegranate Glaze
891,Mexican,Mango Guacamole
892,Mexican,Mixed Bean Vegetarian Enchilada
893,Mexican,Spicy Chicken with Salsa Verde
894,Mexican,Slow Cooker Mexican Chicken Soup
895,Mexican,Slow Cooker Chicken Verde Enchilada
896,Mexican,Chicken Verde Enchilada Casserole
897,Mexican,Pork Carnitas Tacos
898,Mexican,Mexican Three Cheese Dip
899,Mexican,Vegetarian Tostadas With Spicy Black Beans (+gluten free)
900,Mexican,Roasted Vegetable Tacos
901,Mexican,Skillet Enchilada Dinner
902,Mexican,Fresh Mango Salsa
903,Mexican,Chipotle Chicken Enchiladas
904,Mexican,Mexican Carnitas
905,Mexican,Easy and Delicious Taco Soup
906,Mexican,Turkey Enchiladas
907,Mexican,How to Make a Chicken Taco Crock Pot
908,Mexican,Authentic Chicken Enchiladas
909,Mexican,New Mexican Red Bean Chili
910,Mexican,Chicken and Black Bean Burritos
911,Mexican,Tex-Mex Polenta Rounds with Chunky Guacamole
912,Mexican,Mexican Chicken Lettuce Wraps
913,Mexican,Turkey Chorizo and Potato Tacos
914,Mexican,Kogi Kimchi Quesadillas
915,Mexican,Crock Pot Beef and Bean Burritos
916,Mexican,Ceviche Tostadas
917,Mexican,Blueberry Ginger Salsa with Grilled Halibut
918,Mexican,Mexican Stuffed Potatoes
919,Mexican,Grilled Swordfish With Melon-Mint Salsa
920,Mexican,Vegetarian Enchilada Stuffed Peppers
921,Mexican,Nachos Grande
922,Mexican,Chicken Enchilada Chowder
923,Mexican,Chicken Enchilada Salad Wraps
924,Mexican,Best Breakfast Burrito
925,Mexican,Paprika and Coriander Rubbed Steaks With Orange-Coriander Salsa
926,Mexican,Catfish Tacos With Pimento Cheese Crema and Watermelon Salsa
927,Mexican,Enchiladas Verdes (Green Enchiladas)
928,Mexican,Ground Beef Street Tacos
929,Mexican,Rotisserie Chicken and Bean Tostadas
930,Middle Eastern,Hummus and Za'atar
931,Middle Eastern,Spicy Indian-Style Hummus
932,Middle Eastern,Lebanese Tabouleh
933,Middle Eastern,Hummus with roasted orange peppers
934,Middle Eastern,Easy Tabouleh
935,Middle Eastern,Winter Fattoush Salad
936,Middle Eastern,Lebanese Lentil Soup
937,Middle Eastern,Colorful Red Quinoa Not So Tabbouleh Salad
938,Middle Eastern,Hummus Wrap With Carrots and Cucumbers
939,Middle Eastern,Quinoa Tabbouleh Salad
940,Middle Eastern,Middle Eastern Chopped Salad
941,Middle Eastern,Lebanese Falafel
942,Middle Eastern,Grilled Fattoush
943,Middle Eastern,Middle Eastern Stuffed Lentil Zatar Bread
944,Middle Eastern,Falafel Burger
945,Middle Eastern,Hummus With Tahini Sauce
946,Middle Eastern,Roasted Eggplant Hummus
947,Middle Eastern,Fire-Roasted Jalapeño Hummus with Turnip and Beet Chips
948,Middle Eastern,Crispy Rosemary Hummus
949,Middle Eastern,Chicken Shawarma Bowl
950,Middle Eastern,Chavrie Tabbouleh
951,Middle Eastern,Lebanese Kibbeh
952,Middle Eastern,Basil Lime White Bean Hummus
953,Middle Eastern,Homemade Spiced Hummus & Pita
954,Middle Eastern,Peanut Butter Hummus
955,Middle Eastern,Bone Broth Hummus
956,Middle Eastern,Chavrie Hummus
957,Middle Eastern,Indian-Inspired Falafel Appetizer
958,Middle Eastern,Edamame Hummus
959,Middle Eastern,Cilantro Hummus
960,Middle Eastern,Basic Hummus
961,Middle Eastern,Roasted Beet Hummus
962,Middle Eastern,Hummus Soup
963,Middle Eastern,"Honeyed Bacon"" Baklava"
964,Middle Eastern,Lebanese Sweet Tahini Swirls
965,Middle Eastern,Zhoug Sauce (aka Schug Sauce) – A Spicy Middle Eastern Cilantro Sauce
972,Southern,Chocolate Peanut Butter Cinnamon Smoothie
973,Southern,Peanut Butter And Chocolate Oatmeal
974,Southern,Baked Fried Chicken With Cauliflower Mash
975,Southern,Southern Fried Catfish
976,Southern,Roasted Lemon Pepper Pork Tenderloin with Cornbread Stuffing
977,Southern,Pan-Seared Honey Glazed Salmon with Collard Greens
978,Southern,Collard greens with white beans and sausage
979,Southern,How To Make Fried Chicken Without Frying
980,Southern,Blackberry Granola Smoothie Bowl
981,Southern,Gluten Free & Flour-Less Bread with Collard Greens
982,Southern,Chocolate Java Protein Shake
983,Southern,Crispy Southern Fried Chicken
984,Southern,Turkey Pot Pie With Cornbread Crust
985,Southern,Chocolate Hazelnut Mousse
986,Southern,White Cheddar Grits with Veggies
987,Southern,Buttermilk Skillet Fried Chicken
988,Southern,Collard Greens With Bacon
989,Southern,Southern Tuna Salad
990,Southern,Barbecued Shrimp & Grits
991,Southern,Chili Pie with Green Chile and Cheddar Cornbread Crust
992,Southern,Soft Croatian corn bread - proja
993,Southern,Strawberry Shortcake Cobbler
994,Southern,Southern Hoppin John
995,Southern,Korean Extra Crispy Fried Chicken
996,Southern,Buttermilk Cornbread and Sage Stuffing
997,Southern,Breakfast Biscuits and Gravy
998,Southern,Spicy Fried Chicken w Sweet Chili Sauce
999,Southern,Korean Extra Crispy Fried Chicken w Sweet Spicy Glaze
1000,Southern,Almond Buns
1001,Southern,Southern 7 Layer Salad in a Mason Jar
1002,Southern,Vegan Apple Chestnut Corn Bread Stuffing
1003,Southern,Double Layer Chocolate Banana Bars
1004,Southern,Banana Nut Chocolate Bread
1005,Southern,Crispy Buttermilk Fried Chicken
1006,Southern,Pumpkin Corn Bread
1007,Southern,One Bowl Jalapeno Cheddar Cornbread
1008,Southern,Banana Cranberry Muffins
1009,Southern,Banana Graham Dessert
1010,Southern,Corn Bread
1011,Southern,5 Minute to Magnificent Cake
1012,Southern,Croissants With Sesame Seeds (Kifli)
1013,Southern,Hush Puppies
1014,Southern,Dark Chocolate Cinnamon Easter Eggnog
1015,Southern,Berry Cobbler
1016,Southern,Almond Butter and Chocolate Squares
1017,Southern,Pecan Waffles
1018,Southern,Corn Muffins With Fresh Corn
1019,Southern,Classic Hush Puppies
1020,Southern,Tahini Cookies
1021,Southern,Blackberry Pie Cobbler
1022,Southern,Blackberry Cobbler
1023,Southern,Hushpuppies
1024,Southern,Banana & Oreo Muffin
1025,Southern,Vegan Peach Cobbler Milkshake
1026,Southern,How to Make a Skillet Cornbread
1027,Southern,Low Cal / Low Fat Double Chocolate Muffins
1028,Southern,Perfect Old Fashioned Peach Cobbler
1029,Southern,Molten Chocolate Liquor Cakes
1030,Southern,Tennessee Onions Side Dish
1031,Southern,Strawberry Cobbler
1032,Southern,Almond Butter Slices
1033,Southern,Cinnamon Eggless Coffee Cake
1034,Southern,Lazy Cobbler
1035,Southern,Hatch Chile Cornbread Muffins
1036,Southern,Maple-Bacon Corn Muffins
1037,Southern,Peanut Butter Kisses Cookies
1038,Southern,Chocolate Peanut Butter-Filled Cookies
1039,Southern,6 Ingredient Buttermilk Biscuits
1040,Southern,Jalapeno Cheese Cornbread
1041,Southern,Banana Spheres
1042,Southern,Pecan Pie Cheesecake
1043,Southern,Strawberry-Raspberry Cobbler
1044,Southern,Janet's St. Regis Pecan Pie with Honey Glazed Pecans
1045,Southern,Dutch Oven Blueberry Cobbler
1046,Southern,Crispy Buttermilk-herb fried chicken
1047,Southern,Jalapeno Cornbread Stuffing
1048,Southern,Southern Style Green Bean
1049,Southern,Chocolate Mousse in Chocolate Shell
1050,Southern,Old-Fashioned Oatmeal Raisin Pecan Cookies
1051,Southern,Organic Rava Idlis With Sambar & Chutney
1052,Southern,Gluten Free Dairy Free Buttermilk Biscuits
1053,Southern,Orange Truffles
1054,Southern,Banana Walnut Cake
1055,Southern,Blueberry Cobbler
1056,Southern,Authentic Kentucky Bourbon Balls
1057,Southern,Strawberry and Nutella Cobbler
1058,Southern,Best Soft Ginger Cookies
1059,Southern,Mini Chocolate Caramel Cups with Lemon Curd
1060,Southern,Cappuccino cheesecake
1061,Southern,Mango Peach Cobbler
1062,Southern,Homemade Pecan Pie
1063,Southern,Almond Snowball Cookies
1064,Southern,Honey Sweet Corn Bread
1065,Southern,Healthier Southern-Style Green Beans
1066,Southern,Home Made Ghirardelli Chocolate Peanut Butter Cups
1067,Southern,Almond Butter Cookies
1068,Southern,Chess Pie Two Ways
1069,Southern,"Banana, Oatmeal, Chocolate Chip Cookies"
1070,Southern,Chocolate Chip Peanut Butter Banana Cookies
1071,Spanish,Spanish style salmon fillets
1072,Spanish,Sun-Dried Tomato Romesco
1073,Spanish,Dutch Oven Paella
1074,Spanish,Mixed Paella
1075,Spanish,Spanish Gazpacho Soup
1076,Spanish,Paella for Four; A Wonderful Spanish Mixed Seafood Stew
1077,Spanish,Spanish Sardines Pasta
1078,Spanish,Spanish “Ketchup” – Romesco Sauce
1079,Spanish,"Easy Chicken, Kielbasa and Shrimp Paella"
1080,Spanish,"Spanish Gazpacho Soup In The Raw With Broiled ""Cheese"" Toast"
1081,Spanish,Spanish Tortilla
1082,Spanish,Clams With Spanish Sausage
1083,Spanish,Fallen Chocolate Cakes With Spanish Paprika
1084,Spanish,Corn Flan Side Dish
1085,Spanish,Vanilla and Lime Flan By Esperanza Platas Alvarez (Planet Food Mexico)
1086,Spanish,Leek Flan
1087,Spanish,Leche Flan (Caramel Flan)
1088,Spanish,Nutella frangipane empanadas
1089,Spanish,Spanish Meatballs In Tomato Sauce
1090,Spanish,Chocolate Infused Churros
1091,Spanish,Choco Coco Loco Empanada Dessert
1092,Spanish,Argentine-Style Empanadas
1093,Spanish,"Bacon Wrapped Dates with Manchego, Romesco Sauce"
1094,Spanish,Homemade Churros
1095,Spanish,"Paella Catalane With Mussels, Squid & Crevettes"
1096,Spanish,My Grandmother's Migas
1097,Spanish,Baked Custard(Flan)
1098,Thai,Thai-Style Mussels
1099,Thai,Thai Street Vendor Salmon Skewers
1100,Thai,Thai Fish Cakes
1101,Thai,Thai Pasta Salad
1102,Thai,Thai Tofu With Bok Choy
1103,Thai,Thai Green Mango Salad
1104,Thai,Green Thai Curry with Beef
1105,Thai,Green Mango Salad - Thai Side Dish
1106,Thai,Thai Sausage Salad
1107,Thai,"Thai ""Chicken"" Wraps"
1108,Thai,Spicy Thai Pork Lettuce Wraps
1109,Thai,Thai Street Food Made at Home - Crazy Easy and Crazy Delicious in 30 Minutes
1110,Thai,Thai Stir-Fry Chicken With Cashew Nuts
1111,Thai,Thai Shrimp
1112,Thai,Sweet & Spicy Thai Relish
1113,Thai,Thai Massaman Curry
1114,Thai,Thai Cucumber Salad (By Roz)
1115,Thai,Xocai Oatmeal Dark Chocolate No-Bake Cookies
1116,Thai,Thai Coconut Beetroot Soup
1117,Thai,Thai-Style Sticky Rice & Mango Dessert Shots
1118,Thai,Ginger Lime Thai Dressing
1119,Thai,Chelley's Thai Style Chicken Satay
1120,Thai,Thai-Style Fish
1121,Thai,Kyuri Tsukemono
1122,Thai,Panera Spicy Thai Salad
1123,Thai,Asparagus Thai Style With Squids
1124,Vietnamese,Easy To Make Spring Rolls
1125,Vietnamese,"Vietnamese Pancakes with Vegetables, Herbs and a Fragrant Dipping Sauce (Bánh Xèo)"
1126,Vietnamese,Pho With Zucchini Noodles
1127,Vietnamese,"Vietnamese Beef-Noodle Soup With Asian Greens, Okay Vietnamese/japanese"
1128,Vietnamese,Vegetarian Spring Rolls With Garlic Lime Sauce
1129,Vietnamese,Crock Pot Chicken Pho
1130,Vietnamese,Grilled Chicken Banh Mi
1131,Vietnamese,Vietnamese Noodle Salad With Tofu
1132,Vietnamese,Gluten Free Vegetarian Spring Rolls With Thai-Style Peanut Sauce
1133,Vietnamese,The Easiest Beef Pho
1134,Vietnamese,Chicken Spring Rolls
1135,Vietnamese,Vietnamese Spring Rolls
1136,Vietnamese,Vietnamese Banh Mi
1137,Vietnamese,Phyllo Dough Baked Spring Rolls
1135,Vietnamese,Vietnamese Spring Rolls
1136,Vietnamese,Vietnamese Banh Mi
1137,Vietnamese,Phyllo Dough Baked Spring Rolls
